Gau map,Ha Noi
Alva,Ha Noi
Lion,Ho Chi Minh
Scott,Ha Noi
Tuna,Ha Noi
Harry Potter,Ha Noi
Pumbaa,Dak Nong
Thanh Long,Ho Chi Minh
Linda,Ha Noi
Kevin,Ha Noi
Canon,Ho Chi Minh
Hanah,Ha Tinh
Soc nho,Ho Chi Minh
Sumo,Lam Dong
Eva,Ho Chi Minh
Meo con,Ha Giang
Green,Ha Noi
Soc nho,Bac Lieu
Tieu muoi,Lam Dong
Diana,Ca Mau
Frank,Ha Noi
Jerry,Ho Chi Minh
Timo,Ha Noi
Tom,Nghe An
Ka ka,Lam Dong
Linda,Ha Noi
Kevin,Ha Noi
Canon,Ho Chi Minh
Hanah,Ha Tinh
Soc nho,Ho Chi Minh
Gary,Ha Noi
Akila,Bac Kan
Cun con,Tuyen Quang
Panda,Lao Cai
Lisa,Ha Noi
Hero,Son La
Helen,Ha Noi
Gooogle,Ho Chi Minh
Justin,Ha Noi
John,Ha Noi
Su tu,Yen Bai
Lo lem,Hoa Binh
Sony,Ho Chi Minh
Bach tuyet,Thai Nguyen
Chu lun,Quang Ninh
Nobita,Bac Giang
Soc nho,Ho Chi Minh
Red,Ha Noi
Yellow,Ha Noi
Dollar,Ha Noi
Viet,Ha Noi
Mitchell,Ha Noi
Linda,Ha Noi
Kevin,Ha Noi
Canon,Ho Chi Minh
Hanah,Ha Tinh
Soc nho,Ho Chi Minh
Randy,Ha Noi
Khung long,Phu Tho
Mickey,Vinh Phuc
Victor,Ha Noi
Voi con,Ninh Binh
Coca,Thanh Hoa
Mona,Ho Chi Minh
Pepsi,Bac Ninh
Be heo,Cao Bang
Wade,Ho Chi Minh
Morgan,Ha Noi
Su su,Hai Duong
Dumbo,Thai Binh
Debbie,Ho Chi Minh
Banh bao,Lang Son
Andy,Ha Nam
Mona,Ho Chi Minh
Lavie,Vinh Long
Oscar,Dong Thap
Hat tieu,An Giang
Cox,Ho Chi Minh
Don,Ho Chi Minh
Cali,Ha Noi
Tina,Kien Giang
Tammy,Can Tho
Phi hanh gia,Ho Chi Minh
Nicholas,Ha Noi
Tung nui,Hau Giang
Cong chua,Soc Trang
Princess,Ha Noi
Soya,Ho Chi Minh
Boy dep trai,Nam Dinh
Tuna,Quang Binh
Kitten,Quang Tri
Natasha,Ho Chi Minh
Hoang tu,Hue
Soc iu,Long An
Kelly,Ho Chi Minh
Marvin,Da Nang
Thien than,Quang Nam
Dustin,Ho Chi Minh
Gau meo,Dien Bien
Cat,Tra Vinh
Carl,Ha Noi
Ahihi,Lai Chau
Erick,Ho Chi Minh
Phil,Ho Chi Minh
Ga me,Quang Ngai
Chom chom,Binh Dinh
Shin,Phu Yen
Beach,Ho Chi Minh
Tammy,Can Tho
Phi hanh gia,Ho Chi Minh
Nicholas,Ha Noi
Sushi,Hai Phong
Jerry,Hung Yen
Naruto,Ho Chi Minh
Gau Pooh,Binh Duong
Bi em,Dong Nai
Nemo,Khanh Hoa
Anna,Ho Chi Minh
Cherry,Ninh Thuan
Brute,Ha Noi
Hat tieu,Binh Thuan
Kem,Kon Tum
Vodka,Gia Lai
Vit Donald,Dak Lak
Jaian,Binh Phuoc
Xuka,Tay Ninh
Son Tung,Ba Ria-Vung Tau
Kathy,Ha Noi
Thomas,Ha Noi
Nelson,Ha Noi
Khoai lang,Tien Giang
Tiger,Ben Tre
Lavie,Vinh Long
Oscar,Dong Thap
Hat tieu,An Giang
Cox,Ho Chi Minh
Don,Ho Chi Minh
Cali,Ha Noi
Tina,Kien Giang
Tung nui,Hau Giang
Cong chua,Soc Trang
Princess,Ha Noi
Soya,Ho Chi Minh